{
    "uvs": [],
    "metadata": {
        "uvs": 0,
        "generator": "io_three",
        "type": "Geometry",
        "version": 3,
        "materials": 1,
        "faces": 6,
        "normals": 8,
        "vertices": 8
    },
    "vertices": [-2.27816,0,9.81086,-2.27816,0,7.81086,2.27816,0,7.81086,2.27816,0,9.81086,-2.27816,2,9.81086,-2.27816,2,7.81086,2.27816,2,7.81086,2.27816,2,9.81086],
    "faces": [35,1,0,4,5,0,0,1,2,3,35,5,6,2,1,0,3,4,5,0,35,6,7,3,2,0,4,6,7,5,35,0,3,7,4,0,1,7,6,2,35,0,1,2,3,0,1,0,5,7,35,7,6,5,4,0,6,4,3,2],
    "normals": [-0.577349,-0.577349,-0.577349,-0.577349,-0.577349,0.577349,-0.577349,0.577349,0.577349,-0.577349,0.577349,-0.577349,0.577349,0.577349,-0.577349,0.577349,-0.577349,-0.577349,0.577349,0.577349,0.577349,0.577349,-0.577349,0.577349],
    "name": "Cube.001Geometry.3",
    "materials": [{
        "opacity": 1,
        "colorAmbient": [0.8,0.8,0.8],
        "specularCoef": 50,
        "colorEmissive": [0,0,0],
        "DbgColor": 15658734,
        "shading": "phong",
        "colorDiffuse": [0.8,0.8,0.8],
        "DbgName": "Material.004",
        "depthTest": true,
        "blending": "NormalBlending",
        "visible": true,
        "wireframe": false,
        "transparent": false,
        "DbgIndex": 0,
        "colorSpecular": [0.5,0.5,0.5],
        "depthWrite": true
    }]
}